지점명,시도,시군구,사고,사상자,사망,중상,경상,부상신고,경도,위도
서울 강동구 강일동(218-22 부근),서울,강동구,6,16,0,1,14,1,127.16881,37.56908
서울 강동구 강일동(강일파출소 부근),서울,강동구,5,7,0,2,5,0,127.17269,37.56448
서울 강동구 고덕동(1-6 부근),서울,강동구,4,6,0,0,6,0,127.16417,37.57408
서울 서초구 신원동(청계산입구역 신분당선 부근),서울,서초구,4,25,0,7,17,1,127.0547,37.44769
서울 서초구 원지동(525-11 부근),서울,서초구,4,6,0,1,4,1,127.06326,37.43686
부산 강서구 범방동(1504 부근),부산,강서구,4,5,0,3,2,0,128.87455,35.17125
인천 계양구 서운동(139-7 부근),인천,계양구,5,7,0,0,7,0,126.75669,37.5264
인천 계양구 서운동(135-22 부근),인천,계양구,4,12,0,1,11,0,126.7491,37.52398
인천 계양구 병방동(68-2 부근),인천,계양구,4,7,0,0,7,0,126.74785,37.5472
인천 계양구 서운동(55-195 부근),인천,계양구,4,5,0,0,5,0,126.7463,37.52417
인천 부평구 구산동(292-2 부근),인천,부평구,6,16,0,4,12,0,126.75452,37.47391
인천 부평구 구산동(304-1 부근),인천,부평구,5,7,0,1,6,0,126.75471,37.47107
인천 부평구 청천동(372 부근),인천,부평구,4,9,0,0,8,1,126.71863,37.52376
경기 가평군 설악면(호봉토스트 부근),경기,가평군,4,8,0,0,8,0,127.54443,37.7017
경기 고양시 덕양구 고양동(통일로IC교 부근),경기,고양시덕양구,5,9,0,1,8,0,126.88603,37.67368
경기 광명시 소하동(138-2 부근),경기,광명시,4,13,0,4,5,4,126.88049,37.42784
경기 구리시 토평동(대보건설 구리주유소 판교방향 부근),경기,구리시,12,21,1,1,16,3,127.15658,37.58922
경기 구리시 토평동(48-148 부근),경기,구리시,9,14,0,0,14,0,127.15652,37.58613
경기 구리시 토평동(86-5 부근),경기,구리시,5,11,0,1,10,0,127.15717,37.59113
경기 구리시 갈매동(48-1 부근),경기,구리시,4,12,0,0,12,0,127.12521,37.63303
경기 구리시 사노동(118-5 부근),경기,구리시,4,8,0,0,8,0,127.13493,37.64144
경기 구리시 토평동(48-99 부근),경기,구리시,4,7,0,0,6,1,127.15763,37.58186
경기 김포시 고촌읍(758-1 부근),경기,김포시,7,13,0,2,11,0,126.76815,37.59316
경기 남양주시 화도읍(27-28 부근),경기,남양주시,5,14,0,4,10,0,127.30786,37.63226
경기 성남시 분당구 삼평동(421 부근),경기,성남시분당구,5,10,0,0,10,0,127.09625,37.40397
경기 성남시 분당구 삼평동(판교JC1교 부근),경기,성남시분당구,4,8,1,0,7,0,127.0974,37.40598
경기 성남시 분당구 금곡동(114-2 부근),경기,성남시분당구,4,37,0,0,24,13,127.10335,37.35459
경기 성남시 분당구 궁내동(181 부근),경기,성남시분당구,4,24,0,3,11,10,127.10349,37.36548
경기 성남시 분당구 삼평동(421 부근),경기,성남시분당구,4,14,0,2,11,1,127.09993,37.40041
경기 성남시 분당구 삼평동(479-3 부근),경기,성남시분당구,4,8,0,3,5,0,127.09853,37.4019
경기 성남시 수정구 사송동(405-24 부근),경기,성남시수정구,4,12,0,1,11,0,127.10664,37.40775
경기 시흥시 거모동(62-10 부근),경기,시흥시,4,9,0,2,7,0,126.78132,37.35732
경기 시흥시 계수동(437 부근),경기,시흥시,4,5,0,0,5,0,126.80285,37.4515
경기 안산시 상록구 장하동(8-1 부근),경기,안산시상록구,6,12,0,3,9,0,126.8637,37.3558
경기 안산시 상록구 장하동(8-1 부근),경기,안산시상록구,4,12,0,0,12,0,126.86496,37.35874
경기 안성시 원곡면(81-1 부근),경기,안성시,4,29,0,3,23,3,127.13853,37.03725
경기 안성시 원곡면(485-4 부근),경기,안성시,4,7,0,1,5,1,127.13667,37.04889
경기 안양시 만안구 석수동(석수교 부근),경기,안양시만안구,4,4,0,2,2,0,126.8939,37.41994
경기 오산시 원동(오산IC육교 부근),경기,오산시,4,7,0,1,6,0,127.08363,37.14346
경기 용인시 기흥구 상갈동(212-2 부근),경기,용인시기흥구,4,7,0,0,6,1,127.10336,37.2648
경기 용인시 기흥구 상갈동(189-1 부근),경기,용인시기흥구,4,4,0,0,3,1,127.10279,37.26815
경기 용인시 처인구 유방동(69-1 부근),경기,용인시처인구,4,11,0,3,8,0,127.18868,37.2673
경기 의왕시 학의동(173 부근),경기,의왕시,4,11,0,0,11,0,127.01011,37.39062
경기 의정부시 호원동(108-1 부근),경기,의정부시,5,8,0,0,8,0,127.0433,37.7033
경기 이천시 장호원읍(청미교사거리 부근),경기,이천시,5,6,0,3,3,0,127.63434,37.11822
경기 이천시 창전동(열린온누리약국 부근),경기,이천시,4,4,1,0,3,0,127.44777,37.27864
경기 이천시 중리동(증일사거리 부근),경기,이천시,4,6,0,0,6,0,127.43781,37.27628
경기 파주시 금릉동(280-1 부근),경기,파주시,4,14,0,3,11,0,126.79193,37.74856
경기 평택시 월곡동(47-2 부근),경기,평택시,5,7,1,1,4,1,127.14146,37.0261
경기 평택시 청북읍(761-4 부근),경기,평택시,4,10,0,2,7,1,126.88629,37.04954
경기 하남시 천현동(덕풍골입구사거리 부근),경기,하남시,5,9,0,0,9,0,127.20202,37.53147
경기 하남시 감일동(푸드박스 송파점 부근),경기,하남시,4,4,1,0,3,0,127.14938,37.51119
경기 하남시 하산곡동(95 부근),경기,하남시,4,10,0,0,10,0,127.22047,37.51823
경기 하남시 하산곡동(천현교 부근),경기,하남시,4,6,0,1,5,0,127.2218,37.51661
경기 하남시 덕풍동(74-1 부근),경기,하남시,4,5,0,2,3,0,127.19203,37.53292
강원 평창군 대관령면(334-47 부근),강원,평창군,4,13,0,3,10,0,128.70116,37.67906
충북 음성군 대소면(대소IC교차로 부근),충북,음성군,4,9,0,0,8,1,127.46379,36.98098
충북 청주시 흥덕구 옥산면(466 부근),충북,청주시흥덕구,4,19,2,9,8,0,127.33593,36.71923
충남 보령시 주산면(367-2 부근),충남,보령시,4,5,1,1,3,0,126.58182,36.2086
충남 천안시 동남구 신부동(184 부근),충남,천안시동남구,4,7,0,2,5,0,127.16741,36.82582
전북 군산시 수송동(군산세계로약국 부근),전북,군산시,4,6,0,0,6,0,126.71648,35.96625
전남 무안군 삼향읍(월암3교 부근),전남,무안군,5,13,0,3,10,0,126.47781,34.85495
경북 포항시 남구 상도동(평화온누리약국 부근),경북,포항시남구,4,6,0,3,2,1,129.35079,36.01356
경남 김해시 대동면(234-7 부근),경남,김해시,5,7,0,1,6,0,128.98345,35.25537
경남 양산시 남부동(남부사거리 부근),경남,양산시,4,10,0,1,7,2,129.03981,35.33813
제주 서귀포시 서귀동(중앙로터리 부근),제주,서귀포시,10,20,1,0,15,4,126.56088,33.2526
제주 서귀포시 서귀동(동문로터리 부근),제주,서귀포시,5,6,0,2,4,0,126.56801,33.24899
제주 제주시 이도이동(이도광장교차로 부근),제주,제주시,11,15,0,1,13,1,126.53354,33.49507
제주 제주시 용담이동(다호마을입구교차로 부근),제주,제주시,11,12,0,3,8,1,126.49642,33.5046
제주 제주시 이도이동(광양사거리 부근),제주,제주시,10,11,0,3,7,1,126.52943,33.50095
제주 제주시 연동(온누리 부부약국 부근),제주,제주시,10,11,0,2,7,2,126.4918,33.48621
제주 제주시 연동(그랜드호텔사거리 부근),제주,제주시,10,11,0,1,9,1,126.48987,33.48632
제주 제주시 노형동(월랑마을교차로 부근),제주,제주시,9,16,0,1,12,3,126.47666,33.49405
제주 제주시 노형동(노형오거리 부근),제주,제주시,9,15,0,1,9,5,126.4795,33.48619
제주 제주시 연동(신광사거리 부근),제주,제주시,9,11,0,3,5,3,126.49229,33.49397
제주 제주시 이도이동(제주소방서앞교차로 부근),제주,제주시,8,14,0,2,12,0,126.53664,33.49185
제주 제주시 용담일동(백록오메기떡 부근),제주,제주시,7,11,0,3,5,3,126.51448,33.50408
제주 제주시 노형동(거목요리주점 부근),제주,제주시,7,9,0,2,6,1,126.48462,33.48415
제주 제주시 연동(삼무공원사거리 부근),제주,제주시,7,9,0,0,8,1,126.49009,33.49036
제주 제주시 외도일동(착한약국 부근),제주,제주시,7,8,0,3,5,0,126.4316,33.48654
제주 제주시 연동(제주썬랜드회센터 부근),제주,제주시,7,7,0,2,4,1,126.48954,33.4843
